﻿<?xml version="1.0" encoding="utf-8" ?>
<Tabela Name="SCP - Kinross - Indisponibilidade Linha" Mapper="Lynx.Kinross.Portal.Model.TableModel.LineUnavailability">
  <Colunas>
    <Coluna Name="ID" Type="Guid" Mapper="ID" PrimaryKey="true"/>
    <Coluna Name="ID_Indisponibilidade_Valor" Type="Guid" Mapper="IDUnavailabilityValue" PrimaryKey="false"/>
    <Coluna Name="ID_Local" Type="Guid" Mapper="IDLocal" PrimaryKey="false"/>
    <Coluna Name="Local Parado" Type="Boolean" Mapper="StoppedLocation" PrimaryKey="false"/>
    <Coluna Name="Deletado" Type="Boolean" Mapper="Delete" PrimaryKey="false"/>
	  <Coluna Name="Sistema" Type="String" Mapper="Sistema" PrimaryKey="false"/>
  </Colunas>
</Tabela>