﻿<?xml version="1.0" encoding="utf-8" ?>
<Tabela Name="SGP Hidrato - Linha" Mapper="Lynx.HydroParagominas.Portal.Model.StopSystem.Line">
  <Colunas>
    <Coluna Name="ID" Type="Guid" Mapper="ID" PrimaryKey="true"/>
    <Coluna Name="Nome" Type="String" Mapper="Name" PrimaryKey="false"/>
    <Coluna Name="Código" Type="String" Mapper="Code" PrimaryKey="false"/>
    <Coluna Name="Meta" Type="Double" Mapper="Goal" PrimaryKey="false"/>
    <Coluna Name="Tag" Type="String" Mapper="Tag" PrimaryKey="false"/>
    <Coluna Name="Tag_Forecast" Type="String" Mapper="Tag_Forecast" PrimaryKey="false"/>
    <Coluna Name="Deletado" Type="Boolean" Mapper="Delete" PrimaryKey="false"/>
  </Colunas>
</Tabela>