﻿<?xml version="1.0" encoding="utf-8" ?>
<Tabela Name="SGP Hidrato - Parada Programada" Mapper="Lynx.HydroParagominas.Portal.Model.StopSystem.ScheduledStop">
  <Colunas>
    <Coluna Name="ID" Type="Guid" Mapper="ID" PrimaryKey="true"/>
    <Coluna Name="ID_Evento" Type="Guid" Mapper="EventId" PrimaryKey="false"/>
    <Coluna Name="Data" Type="DateTime" Mapper="Date" PrimaryKey="false"/>
    <Coluna Name="Semana" Type="String" Mapper="Week" PrimaryKey="false"/>
    <Coluna Name="ID_Area" Type="Guid" Mapper="AreaId" PrimaryKey="false"/>
    <Coluna Name="ID_Linha" Type="Guid" Mapper="LineId" PrimaryKey="false"/>
    <Coluna Name="ID_Motivo" Type="Guid" Mapper="MotiveId" PrimaryKey="false"/>
    <Coluna Name="Redução LTH" Type="Double" Mapper="ReductionLTH" PrimaryKey="false"/>
    <Coluna Name="Tempo" Type="Int32" Mapper="Time" PrimaryKey="false"/>
    <Coluna Name="Executada" Type="Boolean" Mapper="Executed" PrimaryKey="false"/>
    <Coluna Name="Deletado" Type="Boolean" Mapper="Delete" PrimaryKey="false"/>
	<Coluna Name="Tonelada LTH" Type="Double" Mapper="TonneLTH" PrimaryKey="false"/>
  </Colunas>
</Tabela>