{
    "data": [ 
        {
            "id": "f162ec8c-fa93-4278-bfda-1ad9772f18fc", 
            "code": "TP1",
            "name": "Manutenção"
        },
        {
            "id": "7d180e64-0709-46a9-82c0-604b87c578b5", 
            "code": "TP2",
            "name": "Operação"
        },
        {
            "id": "e0c85775-0a9f-4ef2-9c46-719046255ed6", 
            "code": "TP4",
            "name": "Stand by"
        },
        {
            "id": "ffb8f959-f117-478c-822e-98cdf9736fd1", 
            "code": "TP5",
            "name": "Interconexão Operando"
        }
    ]
}