﻿<?xml version="1.0" encoding="utf-8" ?>
<Tabela Name="SCP - Kinross - Mescla de Natureza x Tipo Parada" Mapper="Lynx.Kinross.Portal.Model.TableModel.MixtureNatureStopType">
  <Colunas>
    <Coluna Name="ID" Type="Guid" Mapper="ID" PrimaryKey="true"/>
    <Coluna Name="ID Natureza" Type="Guid" Mapper="IDNature" PrimaryKey="false"/>
    <Coluna Name="Nome Natureza" Type="String" Mapper="NameNature" PrimaryKey="false"/>
    <Coluna Name="ID Tipo Parada" Type="Guid" Mapper="IDStopType" PrimaryKey="false"/>
    <Coluna Name="Nome Tipo Parada" Type="String" Mapper="StopTypeName" PrimaryKey="false"/>
    <Coluna Name="Sistema" Type="String" Mapper="Sistema" PrimaryKey="false"/>
  </Colunas>
</Tabela>