{
    "data": [ 
        {
            "id": "f162ec8c-fa93-4278-bfda-1ad9772f18fc", 
            "code": "TM1",
            "name": "Não Programada",
            "status": "ativo"
        },
        {
            "id": "7d180e64-0709-46a9-82c0-604b87c578b5", 
            "code": "TM2",
            "name": "Programada",
            "status": "ativo"
        },
        {
            "id": "7d180e64-0709-46a9-82c0-604b87c578b5", 
            "code": "TM3",
            "name": "Programada -",
            "status": "inativo"
        }
    ]
}