﻿<?xml version="1.0" encoding="utf-8" ?>
<Tabela Name="SCP - Kinross - Natureza x Tipo Parada" Mapper="Lynx.Kinross.Portal.Model.TableModel.NatureStopType">
  <Colunas>
    <Coluna Name="ID" Type="Guid" Mapper="ID" PrimaryKey="true"/>
    <Coluna Name="ID_Natureza" Type="Guid" Mapper="IDNature" PrimaryKey="false"/>
    <Coluna Name="ID_Natureza1" Type="Int32" Mapper="IDNature1" PrimaryKey="false"/>
    <Coluna Name="ID_Tipo_Parada" Type="Guid" Mapper="IDStopType" PrimaryKey="false"/>
    <Coluna Name="ID_Tipo_Parada1" Type="Int32" Mapper="IDStopType1" PrimaryKey="false"/>
    <Coluna Name="Sistema" Type="String" Mapper="Sistema" PrimaryKey="false"/>
  </Colunas>
</Tabela>