﻿<?xml version="1.0" encoding="utf-8" ?>
<Tabela Name="SCP - Kinross - Natureza x Modo Falha" Mapper="Lynx.Kinross.Portal.Model.TableModel.FailMode">
  <Colunas>
    <Coluna Name="ID" Type="Guid" Mapper="ID" PrimaryKey="true"/>
    <Coluna Name="ID_Natureza" Type="Guid" Mapper="IDNature" PrimaryKey="false"/>
    <Coluna Name="ID_Natureza1" Type="Int32" Mapper="IDNature1" PrimaryKey="false"/>
    <Coluna Name="ID_Modo_Falha" Type="Guid" Mapper="IDFailMode" PrimaryKey="false"/>
    <Coluna Name="ID_Modo_Falha1" Type="Int32" Mapper="IDFailMode1" PrimaryKey="false"/>
    <Coluna Name="Sistema" Type="String" Mapper="Sistema" PrimaryKey="false"/>
  </Colunas>
</Tabela>