﻿<?xml version="1.0" encoding="utf-8" ?>
<Tabela Name="SCP - Kinross - Análise de Falha" Mapper="Lynx.Kinross.Portal.Model.TableModel.FailureAnalysis">
  <Colunas>
    <Coluna Name="ID" Type="Guid" Mapper="ID" PrimaryKey="true"/>    
    <Coluna Name="ID_Local" Type="Guid" Mapper="IDLocal" PrimaryKey="false"/>
    <Coluna Name="Referencia" Type="Int32" Mapper="Reference" PrimaryKey="false"/>
    <Coluna Name="Codigo" Type="String" Mapper="Code" PrimaryKey="false"/>
    <Coluna Name="Manutencao" Type="Int32" Mapper="Maintenance" PrimaryKey="false"/>
    <Coluna Name="Deletado" Type="Boolean" Mapper="Delete" PrimaryKey="false"/>
	  <Coluna Name="Sistema" Type="String" Mapper="Sistema" PrimaryKey="false"/>
  </Colunas>
</Tabela>