﻿<?xml version="1.0" encoding="utf-8" ?>
<Tabela Name="SCP - Kinross - Migração" Mapper="Lynx.Kinross.Portal.Model.TableModel.Migration">
  <Colunas>
    <Coluna Name="ID" Type="Guid" Mapper="ID" PrimaryKey="true"/>
    <Coluna Name="Ano" Type="Int32" Mapper="Year" PrimaryKey="false"/>
    <Coluna Name="Mes" Type="Int32" Mapper="Month" PrimaryKey="false"/>
    <Coluna Name="Periodo_Inicio" Type="DateTime" Mapper="PeriodStart" PrimaryKey="false"/>
    <Coluna Name="Periodo_Fim" Type="DateTime" Mapper="PeriodEnd" PrimaryKey="false"/>
    <Coluna Name="Total_Migrar" Type="Int32" Mapper="TotalMigrate" PrimaryKey="false"/>
    <Coluna Name="Total_Migrado" Type="Int32" Mapper="TotalMigrated" PrimaryKey="false"/>
    <Coluna Name="Processo" Type="Boolean" Mapper="Process" PrimaryKey="false"/>
    <Coluna Name="Processo_Inicio" Type="DateTime" Mapper="ProcessStart" PrimaryKey="false"/>
    <Coluna Name="Processo_Fim" Type="DateTime" Mapper="ProcessEnd" PrimaryKey="false"/>
    <Coluna Name="Deletado" Type="Boolean" Mapper="Delete" PrimaryKey="false"/>
	  <Coluna Name="Sistema" Type="String" Mapper="Sistema" PrimaryKey="false"/>
  </Colunas>
</Tabela>