﻿<?xml version="1.0" encoding="utf-8" ?>
<Tabela Name="SCP - Kinross - Local" Mapper="Lynx.Kinross.Portal.Model.TableModel.Local">
  <Colunas>
    <Coluna Name="ID" Type="Guid" Mapper="ID" PrimaryKey="true"/>
    <Coluna Name="ID_Local_Pai" Type="Guid" Mapper="IDParent" PrimaryKey="false"/>
    <Coluna Name="ID_Classe_Local" Type="Guid" Mapper="IDClass" PrimaryKey="false"/>
    <Coluna Name="ID_Sub_Classe_Local" Type="Guid" Mapper="IDSubClass" PrimaryKey="false"/>
    <Coluna Name="Nome" Type="String" Mapper="Name" PrimaryKey="false"/>
    <Coluna Name="Codigo" Type="String" Mapper="Code" PrimaryKey="false"/>
    <Coluna Name="Tipo" Type="String" Mapper="Type" PrimaryKey="false"/>
    <Coluna Name="ControleParada" Type="Boolean" Mapper="IsStopControl" PrimaryKey="false"/>
    <Coluna Name="UserNoCalculoDeIndiceGeral" Type="Boolean" Mapper="IsGeneralIndexCalculation" PrimaryKey="false"/>
    <Coluna Name="Deletado" Type="Boolean" Mapper="Delete" PrimaryKey="false"/>
	  <Coluna Name="Sistema" Type="String" Mapper="Sistema" PrimaryKey="false"/>
  </Colunas>
</Tabela>
