﻿<?xml version="1.0" encoding="utf-8" ?>
<Tabela Name="SCP - Kinross - Meta" Mapper="Lynx.Kinross.Portal.Model.GoalAreaIndicator">
  <Colunas>
    <Coluna Name="ID" Type="Guid" Mapper="ID" PrimaryKey="true"/>
    <Coluna Name="ID_Tipo_Meta" Type="Guid" Mapper="IDGoalType" PrimaryKey="false"/>
    <Coluna Name="ID_Local" Type="Guid" Mapper="IDLocal" PrimaryKey="false"/>
    <Coluna Name="ID_Indicador" Type="Guid" Mapper="IDIndicator" PrimaryKey="false"/>
    <Coluna Name="Tipo" Type="String" Mapper="Type" PrimaryKey="false"/>
    <Coluna Name="Local" Type="String" Mapper="Local" PrimaryKey="false"/>
    <Coluna Name="Indicador" Type="String" Mapper="Indicator" PrimaryKey="false"/>
    <Coluna Name="Ano" Type="Int32" Mapper="Year" PrimaryKey="false"/>
    <Coluna Name="Janeiro" Type="Double" Mapper="January" PrimaryKey="false"/>
    <Coluna Name="Fevereiro" Type="Double" Mapper="February" PrimaryKey="false"/>
    <Coluna Name="Março" Type="Double" Mapper="March" PrimaryKey="false"/>
    <Coluna Name="Abril" Type="Double" Mapper="April" PrimaryKey="false"/>
    <Coluna Name="Maio" Type="Double" Mapper="May" PrimaryKey="false"/>
    <Coluna Name="Junho" Type="Double" Mapper="June" PrimaryKey="false"/>
    <Coluna Name="Julho" Type="Double" Mapper="July" PrimaryKey="false"/>
    <Coluna Name="Agosto" Type="Double" Mapper="August" PrimaryKey="false"/>
    <Coluna Name="Setembro" Type="Double" Mapper="September" PrimaryKey="false"/>
    <Coluna Name="Outubro" Type="Double" Mapper="October" PrimaryKey="false"/>
    <Coluna Name="Novembro" Type="Double" Mapper="November" PrimaryKey="false"/>
    <Coluna Name="Dezembro" Type="Double" Mapper="December" PrimaryKey="false"/>
    <Coluna Name="Cor" Type="String" Mapper="Color" PrimaryKey="false"/>
    <Coluna Name="Deletado" Type="Boolean" Mapper="Delete" PrimaryKey="false"/>
	  <Coluna Name="Sistema" Type="String" Mapper="Sistema" PrimaryKey="false"/>
  </Colunas>
</Tabela>