﻿<?xml version="1.0" encoding="utf-8" ?>
<Tabela Name="SCP - Kinross - AppConfig" Mapper="Lynx.Kinross.Portal.Model.TableModel.ClassLocal">
  <Colunas>
    <Coluna Name="ID" Type="Guid" Mapper="ID" PrimaryKey="true"/>
    <Coluna Name="UserName" Type="String" Mapper="UserName" PrimaryKey="false"/>
    <Coluna Name="Ripple" Type="Boolean" Mapper="Ripple" PrimaryKey="false"/>
    <Coluna Name="InputStyle" Type="String" Mapper="InputStyle" PrimaryKey="false"/>
    <Coluna Name="MenuMode" Type="String" Mapper="MenuMode" PrimaryKey="false"/>
    <Coluna Name="ColorScheme" Type="String" Mapper="ColorScheme" PrimaryKey="false"/>
    <Coluna Name="Theme" Type="String" Mapper="Theme" PrimaryKey="false"/>
    <Coluna Name="Scale" Type="Int32" Mapper="Scale" PrimaryKey="false"/>
    <Coluna Name="Deletado" Type="Boolean" Mapper="Delete" PrimaryKey="false"/>
	  <Coluna Name="Sistema" Type="String" Mapper="Sistema" PrimaryKey="false"/>
  </Colunas>
</Tabela>