﻿<?xml version="1.0" encoding="utf-8" ?>
<Tabela Name="SCP - Kinross - Falha de Parada" Mapper="Lynx.Kinross.Portal.Model.TableModel.FailStop">
  <Colunas>
    <Coluna Name="ID" Type="Guid" Mapper="ID" PrimaryKey="true"/>
    <Coluna Name="ID_MIGRACAO" Type="Guid" Mapper="MIGRATION_ID" PrimaryKey="true"/>
    <Coluna Name="ID_SEQUENCIAL" Type="Int32" Mapper="SEQUENTIAL_ID" PrimaryKey="false"/>
    <Coluna Name="DATA_INICIO" Type="DateTime" Mapper="START_DATE" PrimaryKey="false"/>
    <Coluna Name="DATA_FIM" Type="DateTime" Mapper="END_DATE" PrimaryKey="false"/>
    <Coluna Name="COMENTARIOS" Type="String" Mapper="COMMENTS" PrimaryKey="false"/>
    <Coluna Name="JUSTIFICATIVA_MANUTENCAO" Type="String" Mapper="JUSTIFICATION_MAINTENANCE" PrimaryKey="false"/>
    <Coluna Name="TURMA" Type="String" Mapper="TURN" PrimaryKey="false"/>
    <Coluna Name="TIPO_PARADA" Type="String" Mapper="STOP_TYPE" PrimaryKey="false"/>
    <Coluna Name="NATUREZA" Type="String" Mapper="NATURE" PrimaryKey="false"/>
    <Coluna Name="TIPO_MANUTENCAO" Type="String" Mapper="MAINTENANCE_TYPE" PrimaryKey="false"/>
    <Coluna Name="LOCAL" Type="String" Mapper="LOCAL" PrimaryKey="false"/>
    <Coluna Name="TAG" Type="String" Mapper="TAG" PrimaryKey="false"/>
    <Coluna Name="EQUIPAMENTO" Type="String" Mapper="EQUIPMENT" PrimaryKey="false"/>
    <Coluna Name="MODO_FALHA" Type="String" Mapper="FAIL_MODE" PrimaryKey="false"/>
    <Coluna Name="RECONHECIDA" Type="Int32" Mapper="RECOGNIZED" PrimaryKey="false"/>
    <Coluna Name="RITMO" Type="Double" Mapper="RHYTHM" PrimaryKey="false"/>
    <Coluna Name="EH_PERDA_DE_RITMO" Type="Int32" Mapper="LOSS_OF_RHYTHM" PrimaryKey="false"/>
    <Coluna Name="PESO" Type="Double" Mapper="WEIGHT" PrimaryKey="false"/>
    <Coluna Name="TIPO_EVENTO" Type="String" Mapper="EVENT_TYPE" PrimaryKey="false"/>
    <Coluna Name="Deletado" Type="Boolean" Mapper="Delete" PrimaryKey="false"/>
	  <Coluna Name="Sistema" Type="String" Mapper="Sistema" PrimaryKey="false"/>
  </Colunas>
</Tabela>