﻿<?xml version="1.0" encoding="utf-8" ?>
<Tabela Name="SCP - Kinross - Tipo Parada" Mapper="Lynx.Kinross.Portal.Model.TableModel.StopType">
  <Colunas>
    <Coluna Name="ID" Type="Guid" Mapper="ID" PrimaryKey="true"/>
    <Coluna Name="Referencia" Type="Int32" Mapper="Reference" PrimaryKey="false"/>
    <Coluna Name="Codigo" Type="String" Mapper="Code" PrimaryKey="false"/>
    <Coluna Name="Nome" Type="String" Mapper="Name" PrimaryKey="false"/>
    <Coluna Name="Pareto" Type="Boolean" Mapper="Pareto" PrimaryKey="false"/>
    <Coluna Name="MTBF" Type="Boolean" Mapper="MTBF" PrimaryKey="false"/>
    <Coluna Name="MTTR" Type="Boolean" Mapper="MTTR" PrimaryKey="false"/>
    <Coluna Name="Porcentagem" Type="Boolean" Mapper="Percentage" PrimaryKey="false"/>
    <Coluna Name="Deletado" Type="Boolean" Mapper="Delete" PrimaryKey="false"/>
	  <Coluna Name="Sistema" Type="String" Mapper="Sistema" PrimaryKey="false"/>
  </Colunas>
</Tabela>